Date,Ticker,Signal,Price,Confidence_%
2025-02-14,XEL,Buy,66.95462036132812,97
2025-02-14,PARA,Buy,11.174537658691406,95
2024-06-21,WRB,Buy,51.88629913330078,95
2025-10-03,MP,Buy,71.5,93
2024-11-04,FRPT,Buy,150.57000732421875,93
2023-12-21,RBA,Buy,64.693603515625,93
2023-11-02,KMI,Buy,15.463171005249023,92
2025-09-19,IPG,Buy,25.649999618530273,90
2025-09-05,SON,Buy,46.220001220703125,90
2025-08-07,GTM,Buy,10.390000343322754,90
2025-07-01,GPC,Buy,124.42601013183594,90
2025-07-01,MDU,Sell,16.627016067504883,90
2025-04-14,DVA,Sell,150.8800048828125,90
2024-11-20,M,Sell,13.844827651977539,90
2024-05-30,CCCS,Sell,11.279999732971191,90
2024-03-14,FWONA,Buy,61.810001373291016,90
2024-02-13,DOCS,Buy,29.020000457763672,90
2023-09-15,LOPE,Buy,111.13999938964844,90
2023-03-28,CNM,Buy,22.059999465942383,90
2022-09-30,TJX,Buy,59.51792907714844,90
2025-09-05,SPOT,Buy,707.1900024414062,89
2025-08-22,BFAM,Buy,123.33000183105469,89
2025-09-12,CTVA,Buy,74.29000091552734,88
2025-07-30,EGP,Sell,163.08364868164062,88
2024-07-26,GE,Buy,168.5164031982422,86
2025-07-31,PANW,Sell,173.60000610351562,85
2025-06-02,BYD,Buy,74.00968933105469,85
2025-05-15,ASTS,Sell,26.239999771118164,85
2025-05-07,WH,Sell,82.4765625,85
2025-04-21,ESTC,Sell,75.66999816894531,85
2025-03-21,WMB,Buy,58.60589599609375,85
2024-12-11,GIS,Sell,63.42048645019531,85
2024-09-16,SGI,Buy,51.10660934448242,85
2024-08-27,STZ,Sell,234.88226318359375,85
2024-05-31,UGI,Buy,23.539735794067383,85
2023-04-14,PLTR,Buy,8.8100004196167,85
2022-11-15,WMT,Buy,47.29969024658203,85
2022-09-22,MAR,Sell,135.93601989746094,85
2025-10-01,WST,Buy,271.4200134277344,83
2025-09-30,LW,Buy,58.08000183105469,83
2025-09-22,DXCM,Sell,69.51000213623047,83
2025-09-19,RIVN,Buy,14.380000114440918,83
2025-08-04,HSIC,Sell,70.0199966430664,83
2025-07-31,TKR,Buy,75.74273681640625,83
2025-07-29,RRX,Buy,155.8113555908203,83
2025-06-20,NLY,Buy,17.823076248168945,83
2025-04-09,ROK,Sell,240.4784698486328,83
2025-04-04,AWK,Buy,145.5181427001953,83
2025-04-03,BDX,Sell,219.07069396972656,83
2025-01-13,CUBE,Sell,38.96385955810547,83
2024-11-27,CRWD,Buy,347.5899963378906,83
2024-11-08,NET,Buy,91.25,83
2024-05-07,ACHC,Sell,67.43000030517578,83
2024-01-12,IFF,Buy,77.52959442138672,83
2023-11-03,COLD,Sell,24.58962059020996,83
2023-08-01,DTE,Buy,104.66712188720703,83
2025-10-16,MTD,Buy,1359.6099853515625,82
2025-05-12,RPRX,Buy,32.92879104614258,82
2025-03-06,RARE,Sell,40.02000045776367,82
2025-10-17,ECL,Buy,276.75,81
2023-10-30,COOP,Buy,55.73979949951172,81
2025-09-17,RYN,Buy,25.719999313354492,80
2025-09-02,FAF,Buy,63.86616516113281,80
2025-08-01,BIRK,Sell,49.13999938964844,80
2025-07-01,LUV,Buy,33.22352600097656,80
2025-06-16,FHN,Buy,19.32170295715332,80
2025-04-03,PENN,Sell,15.449999809265137,80
2024-10-18,NDSN,Buy,253.3911590576172,80
2023-05-24,L,Buy,56.75605010986328,80
2023-05-04,INTC,Buy,30.615957260131836,80
2023-04-28,ORI,Buy,21.98392105102539,80
2025-09-29,PCAR,Buy,99.8499984741211,78
2025-09-23,DAY,Buy,68.81999969482422,78
2025-09-22,ADP,Sell,293.6600036621094,78
2025-09-08,PEP,Buy,141.7100067138672,78
2025-09-05,DVN,Buy,34.52006530761719,78
2025-08-27,ACI,Sell,19.530000686645508,78
2025-07-01,KMB,Sell,130.32620239257812,78
2025-06-30,SPGI,Buy,526.3724365234375,78
2025-05-08,CPT,Sell,115.2584457397461,78
2025-05-01,CFLT,Sell,19.440000534057617,78
2025-04-11,KMX,Sell,68.36000061035156,78
2025-04-09,FDS,Sell,424.5650939941406,78
2025-01-23,EXR,Sell,146.54800415039062,78
2024-05-16,BJ,Buy,79.79000091552734,78
2023-12-15,T,Buy,15.04995059967041,78
2023-10-12,RL,Sell,106.37887573242188,78
2023-10-09,AXON,Buy,208.80999755859375,78
2023-03-09,WELL,Buy,68.303955078125,78
2022-12-09,OC,Buy,88.4654312133789,78
2022-04-06,BITF,Sell,3.2799999713897705,78
2025-09-04,BSX,Buy,107.29000091552734,77
2024-05-30,SPG,Buy,137.80288696289062,77
2025-10-09,DHI,Sell,151.38999938964844,75
2025-10-02,COIN,Buy,372.07000732421875,75
2025-10-02,MNR,Sell,12.979999542236328,75
2025-10-01,BEPC,Buy,35.779998779296875,75
2025-10-01,SMG,Sell,58.380001068115234,75
2025-09-30,CACC,Sell,466.92999267578125,75
2025-09-25,PK,Buy,11.044991493225098,75
2025-09-23,LNW,Sell,87.29000091552734,75
2025-09-22,HLNE,Buy,149.14999389648438,75
2025-09-19,CNH,Sell,10.970000267028809,75
2025-09-16,ZBRA,Buy,318.4100036621094,75
2025-09-04,TW,Sell,123.38999938964844,75
2025-09-03,FLS,Buy,53.27070617675781,75
2025-09-02,TGT,Sell,92.44000244140625,75
2025-08-27,SRE,Buy,81.67034149169922,75
2025-08-19,JKHY,Sell,160.054443359375,75
2025-08-14,HAYW,Buy,16.200000762939453,75
2025-08-11,HRB,Sell,54.001590728759766,75
2025-08-07,MKSI,Buy,98.56353759765625,75
2025-08-06,HALO,Buy,62.31999969482422,75
2025-07-31,MUSA,Sell,361.9725341796875,75
2025-07-30,INCY,Buy,77.55000305175781,75
2025-07-30,LFUS,Buy,259.6164245605469,75
2025-07-18,CSX,Buy,34.25311279296875,75
2025-07-17,RKT,Buy,13.779999732971191,75
2025-07-15,EHC,Sell,107.11952209472656,75
2025-07-08,DDS,Buy,441.5562744140625,75
2025-07-02,VMI,Buy,340.6236572265625,75
2025-07-01,NNN,Buy,42.93919372558594,75
2025-07-01,SOLV,Buy,77.88999938964844,75
2025-06-27,BAC,Buy,46.85935974121094,75
2025-06-27,HLT,Buy,265.3558654785156,75
2025-06-27,PH,Buy,698.87939453125,75
2025-06-20,MPC,Buy,168.18374633789062,75
2025-06-10,CR,Buy,186.44635009765625,75
2025-06-02,COO,Sell,67.0,75
2025-05-15,MKC,Sell,74.2924575805664,75
2025-04-10,EOG,Sell,102.8102798461914,75
2025-04-09,BOKF,Sell,91.18415832519531,75
2025-04-08,STWD,Sell,16.46662139892578,75
2025-04-04,KMPR,Sell,57.10866165161133,75
2025-03-13,TEAM,Sell,208.0,75
2025-03-12,UHAL,Sell,63.56999969482422,75
2025-03-05,BXP,Sell,65.13652038574219,75
2025-02-19,EXAS,Sell,50.47999954223633,75
2025-02-05,GPK,Sell,26.066173553466797,75
2025-01-30,CMCSA,Sell,32.308937072753906,75
2025-01-28,TXN,Sell,176.45285034179688,75
2024-12-19,KBR,Sell,56.80464172363281,75
2024-11-06,OGN,Sell,15.177014350891113,75
2024-10-16,GLOB,Buy,216.36000061035156,75
2024-10-14,ALLY,Sell,34.61642837524414,75
2024-09-24,QS,Sell,5.769999980926514,75
2024-09-23,CNC,Buy,75.3499984741211,75
2024-09-09,WLK,Sell,134.54446411132812,75
2024-08-01,ENTG,Sell,109.4088363647461,75
2023-10-18,AAON,Sell,53.273563385009766,75
2023-07-21,IBM,Buy,128.4834442138672,75
2023-05-25,PSN,Buy,43.22999954223633,75
2023-05-15,RVTY,Sell,114.56298828125,75
2022-10-31,CRS,Buy,36.439231872558594,75
2022-07-15,CINF,Sell,103.18762969970703,75
2025-10-22,EIX,Buy,58.08000183105469,74
2025-09-19,AFL,Buy,108.04000091552734,73
2025-09-19,H,Buy,143.0399932861328,73
2025-09-10,ABNB,Sell,123.41000366210938,73
2025-09-08,SIRI,Buy,24.43000030517578,73
2025-09-05,SHW,Buy,372.42999267578125,73
2025-08-13,ITW,Buy,265.6734313964844,73
2025-08-13,ONON,Sell,48.189998626708984,73
2025-08-06,EXPD,Buy,118.7300033569336,73
2025-07-29,PR,Buy,14.256631851196289,73
2025-07-22,DCI,Buy,70.97459411621094,73
2025-07-15,AME,Buy,176.1520233154297,73
2025-07-08,AMZN,Buy,219.36000061035156,73
2025-07-02,MCO,Buy,496.2236328125,73
2025-07-01,XYL,Buy,130.63766479492188,73
2025-06-20,HAS,Buy,68.02986145019531,73
2025-06-18,ACM,Buy,109.92861938476562,73
2025-06-18,SMCI,Buy,44.470001220703125,73
2025-06-06,BPOP,Buy,105.1144790649414,73
2025-06-05,MNDY,Buy,305.0,73
2025-06-02,AN,Buy,181.75999450683594,73
2025-05-07,BR,Buy,234.4108428955078,73
2025-04-30,EEFT,Sell,99.0999984741211,73
2025-04-17,EW,Buy,71.52999877929688,73
2025-04-03,APH,Sell,62.46272659301758,73
2025-03-14,VICI,Buy,30.959123611450195,73
2025-03-07,RGA,Sell,188.82574462890625,73
2025-02-12,FDX,Sell,257.8941955566406,73
2024-10-31,IDA,Buy,100.4173812866211,73
2024-10-16,SSD,Buy,187.77000427246094,73
2024-07-30,TRV,Buy,215.88917541503906,73
2024-03-28,VTR,Sell,41.615447998046875,73
2023-12-28,AXS,Buy,53.37712478637695,73
2025-10-01,ETSY,Buy,70.48999786376953,72
2025-08-29,KDP,Sell,28.83016586303711,72
2025-07-25,FI,Sell,142.02999877929688,72
2025-04-08,BAX,Sell,27.62132453918457,72
2025-04-07,MRK,Sell,79.58907318115234,72
2025-02-11,TECH,Sell,68.04529571533203,72
2024-08-05,LLY,Sell,768.3026123046875,72
2024-02-29,LYV,Buy,96.9800033569336,72
2024-02-23,AM,Buy,12.023489952087402,72
2025-07-17,MTB,Buy,194.14508056640625,71
2025-03-11,UBER,Buy,70.6500015258789,71
2025-10-01,GLPI,Buy,47.13999938964844,70
2025-09-30,AIG,Sell,78.54000091552734,70
2025-09-25,LBTYK,Buy,11.539999961853027,70
2025-09-23,SNA,Buy,340.1499938964844,70
2025-09-19,CNXC,Buy,56.970001220703125,70
2025-09-16,REG,Buy,70.37999725341797,70
2025-09-15,DOX,Sell,83.63540649414062,70
2025-09-04,KD,Sell,31.770000457763672,70
2025-09-04,SWKS,Buy,74.63999938964844,70
2025-08-28,PRGO,Sell,23.470001220703125,70
2025-08-27,IRDM,Sell,24.809040069580078,70
2025-08-20,MAT,Sell,17.700000762939453,70
2025-08-19,XPO,Buy,131.44000244140625,70
2025-08-15,QCOM,Buy,156.956787109375,70
2025-08-13,HST,Buy,15.915261268615723,70
2025-08-08,AES,Buy,13.119999885559082,70
2025-08-08,FITB,Buy,41.273128509521484,70
2025-08-08,USB,Buy,44.38383865356445,70
2025-08-08,VRTX,Sell,366.5400085449219,70
2025-08-07,APP,Buy,437.3399963378906,70
2025-08-06,MIDD,Sell,118.30000305175781,70
2025-08-04,TFC,Buy,42.88320541381836,70
2025-07-24,HUBB,Buy,436.2045593261719,70
2025-07-14,DOCU,Sell,76.20999908447266,70
2025-07-09,MASI,Sell,165.41000366210938,70
2025-07-08,NVT,Buy,74.00784301757812,70
2025-07-02,PNR,Buy,105.61196899414062,70
2025-07-01,HIW,Buy,30.72600555419922,70
2025-06-30,ORCL,Buy,218.1664276123047,70
2025-06-18,INGR,Buy,135.17855834960938,70
2025-06-17,CRBG,Buy,31.783546447753906,70
2025-06-17,U,Buy,23.549999237060547,70
2025-06-16,CACI,Buy,446.239990234375,70
2025-06-12,PAG,Buy,165.8950958251953,70
2025-06-10,ALGM,Buy,30.5,70
2025-06-10,LYFT,Buy,15.680000305175781,70
2025-06-09,STLD,Buy,132.64151000976562,70
2025-05-28,DLB,Sell,74.2968521118164,70
2025-05-27,TFSL,Buy,12.782655715942383,70
2025-04-30,IP,Sell,44.80646896362305,70
2025-04-24,CUZ,Sell,27.068466186523438,70
2025-04-15,PB,Sell,64.8124008178711,70
2025-04-10,DOV,Sell,158.64706420898438,70
2025-04-07,CW,Sell,287.6903076171875,70
2025-04-01,VNOM,Sell,44.346317291259766,70
2025-03-13,EQR,Sell,66.2266616821289,70
2025-03-13,KIM,Sell,19.670116424560547,70
2025-02-11,GEHC,Buy,86.94493103027344,70
2024-12-26,APG,Buy,24.34000015258789,70
2024-12-16,UNH,Sell,489.78973388671875,70
2024-11-14,COR,Buy,241.39662170410156,70
2024-11-13,LSTR,Buy,185.67294311523438,70
2024-10-10,LYB,Sell,87.22600555419922,70
2024-10-08,WFC,Sell,56.05321502685547,70
2024-09-24,UA,Buy,7.579999923706055,70
2024-09-23,WDC,Sell,49.9544792175293,70
2024-07-24,CE,Sell,134.45909118652344,70
2024-05-21,INSM,Sell,24.530000686645508,70
2024-04-18,NFG,Buy,49.716278076171875,70
2024-03-26,TTD,Buy,87.05000305175781,70
2024-03-12,GNRC,Sell,115.30000305175781,70
2024-03-06,EWBC,Buy,74.21896362304688,70
2023-12-28,APA,Sell,33.51953125,70
2023-10-16,CG,Sell,28.031755447387695,70
2023-08-21,HIG,Buy,68.46328735351562,70
2023-08-16,TIGO,Sell,14.530264854431152,70
2023-07-25,NRG,Buy,36.36662292480469,70
2022-12-30,BLDR,Buy,64.87999725341797,70
2025-09-18,SNV,Buy,52.11000061035156,69
2025-03-25,REGN,Sell,632.2445068359375,69
2025-10-06,MSFT,Buy,528.5700073242188,68
2025-10-03,FRT,Buy,99.41000366210938,68
2025-10-01,AA,Buy,33.849998474121094,68
2025-10-01,ZM,Buy,81.27999877929688,68
2025-09-30,TMO,Buy,485.0199890136719,68
2025-09-22,LII,Sell,532.4970703125,68
2025-09-10,OLED,Sell,136.69993591308594,68
2025-09-05,RPM,Buy,126.62000274658203,68
2025-09-03,DAR,Sell,31.899999618530273,68
2025-08-27,FLO,Sell,14.824372291564941,68
2025-08-18,APTV,Buy,75.70999908447266,68
2025-08-06,ATR,Sell,138.5399932861328,68
2025-08-04,IEX,Sell,158.25,68
2025-07-30,CNP,Buy,38.24022674560547,68
2025-07-30,OTIS,Sell,86.01532745361328,68
2025-07-28,AMGN,Buy,298.8655090332031,68
2025-07-24,PM,Sell,159.5804901123047,68
2025-07-23,KVUE,Sell,22.3259220123291,68
2025-07-23,NVST,Buy,20.75,68
2025-07-02,STAG,Buy,36.27739334106445,68
2025-07-01,ABBV,Buy,188.36309814453125,68
2025-07-01,ADI,Buy,239.69203186035156,68
2025-06-24,EVRG,Buy,68.14662170410156,68
2025-06-24,MSM,Buy,81.44007110595703,68
2025-06-09,THC,Buy,166.19000244140625,68
2025-04-23,TYL,Sell,569.27001953125,68
2025-04-22,WBS,Sell,45.46136474609375,68
2025-03-12,BBY,Sell,69.8441390991211,68
2025-03-07,POOL,Buy,360.20245361328125,68
2024-12-18,EG,Sell,344.372314453125,68
2024-11-27,ZS,Buy,204.9600067138672,68
2024-10-31,SSNC,Sell,69.08221435546875,68
2024-08-30,NWS,Buy,29.137466430664062,68
2023-12-01,CLH,Buy,166.86000061035156,68
2023-11-02,GL,Buy,113.8490982055664,68
2023-08-29,EQH,Buy,27.20113754272461,68
2023-08-23,PRU,Buy,83.15480041503906,68
2023-06-27,GNTX,Buy,27.703401565551758,68
2023-05-25,B,Sell,16.222002029418945,68
2023-05-18,GWRE,Buy,81.54000091552734,68
2022-08-29,CTAS,Buy,101.26424407958984,68
2025-10-09,EFX,Sell,233.25,67
2025-08-05,XRAY,Sell,13.868269920349121,67
2025-03-06,CDW,Sell,166.06610107421875,67
2024-12-05,AUR,Buy,6.920000076293945,67
2022-05-02,VIRT,Sell,25.022693634033203,67
2022-04-22,ICE,Sell,111.84014892578125,67
2025-09-19,SBAC,Sell,199.10000610351562,66
2025-10-03,ED,Sell,98.80999755859375,65
2025-10-02,PAYC,Sell,201.3800048828125,65
2025-10-01,QSR,Sell,66.16000366210938,65
2025-09-30,BALL,Sell,50.41999816894531,65
2025-09-25,FCNCA,Sell,1864.300048828125,65
2025-09-22,SEE,Buy,33.380001068115234,65
2025-09-19,CNA,Buy,45.5099983215332,65
2025-09-17,AMP,Sell,486.1700134277344,65
2025-09-17,UWMC,Buy,6.619999885559082,65
2025-09-16,VTRS,Buy,9.5600004196167,65
2025-09-10,CHRD,Buy,106.55000305175781,65
2025-09-08,LOW,Buy,273.0199890136719,65
2025-09-03,KEX,Sell,88.69000244140625,65
2025-08-29,HOLX,Buy,67.12000274658203,65
2025-08-28,NTAP,Buy,116.71234130859375,65
2025-08-21,PDD,Buy,122.95999908447266,65
2025-08-14,CGNX,Buy,43.52000045776367,65
2025-08-14,THO,Buy,108.44999694824219,65
2025-08-13,JLL,Buy,296.9200134277344,65
2025-08-13,NOW,Sell,863.2999877929688,65
2025-08-13,ROP,Sell,521.6636962890625,65
2025-08-11,TTEK,Buy,36.75326156616211,65
2025-08-06,PEG,Buy,85.19537353515625,65
2025-08-05,BG,Buy,81.69401550292969,65
2025-08-05,MTCH,Buy,33.545631408691406,65
2025-08-01,CI,Sell,260.9122314453125,65
2025-08-01,CTSH,Sell,70.27738189697266,65
2025-07-30,SF,Buy,113.62483215332031,65
2025-07-28,PATH,Sell,12.210000038146973,65
2025-07-25,GME,Sell,23.329999923706055,65
2025-07-24,GOOG,Buy,193.0274658203125,65
2025-07-23,GOOGL,Buy,190.0600128173828,65
2025-07-23,RF,Buy,26.1148681640625,65
2025-07-18,FNB,Buy,15.95445728302002,65
2025-07-17,URI,Buy,815.2155151367188,65
2025-07-11,CERT,Sell,11.09000015258789,65
2025-07-09,NBIX,Buy,133.50999450683594,65
2025-07-08,QRVO,Buy,88.02999877929688,65
2025-07-08,VNT,Buy,38.207542419433594,65
2025-07-02,LECO,Buy,213.1659698486328,65
2025-07-01,AMG,Buy,198.71060180664062,65
2025-07-01,MPW,Sell,4.284338474273682,65
2025-07-01,WYNN,Buy,101.72710418701172,65
2025-06-27,EMR,Buy,132.64671325683594,65
2025-06-26,D,Buy,54.553016662597656,65
2025-06-25,GEN,Buy,28.964492797851562,65
2025-06-25,HLI,Buy,180.64439392089844,65
2025-06-20,AGCO,Buy,101.96382904052734,65
2025-06-20,DIS,Buy,117.13050842285156,65
2025-06-20,OMF,Buy,53.104000091552734,65
2025-06-20,STT,Buy,98.19185638427734,65
2025-06-18,NTRS,Buy,110.29435729980469,65
2025-06-16,SOFI,Buy,14.899999618530273,65
2025-06-13,PCTY,Sell,176.80999755859375,65
2025-06-10,BEN,Buy,21.266834259033203,65
2025-06-09,FIX,Buy,500.97296142578125,65
2025-05-21,FE,Buy,41.83698654174805,65
2025-05-13,CHD,Sell,93.50318908691406,65
2025-05-12,UDR,Sell,42.12046432495117,65
2025-04-11,RGEN,Sell,122.86000061035156,65
2025-04-09,MRVL,Sell,60.84101486206055,65
2025-04-08,WEN,Sell,12.105603218078613,65
2025-04-07,LPX,Sell,82.7229995727539,65
2025-04-04,AVB,Sell,188.34022521972656,65
2025-04-04,MOS,Sell,23.151853561401367,65
2025-03-21,GPN,Sell,96.46104431152344,65
2025-03-21,KNX,Sell,44.06023025512695,65
2025-03-13,DXC,Sell,16.850000381469727,65
2025-03-12,CVS,Buy,63.485984802246094,65
2025-03-12,SAIA,Sell,370.19000244140625,65
2025-03-07,VZ,Buy,44.61058044433594,65
2025-03-03,ROL,Buy,52.70706558227539,65
2025-02-24,AKAM,Sell,77.6500015258789,65
2025-02-24,CMG,Sell,51.209999084472656,65
2025-02-24,MTN,Sell,154.58290100097656,65
2025-02-10,DOC,Sell,18.643009185791016,65
2025-02-04,TDC,Buy,31.920000076293945,65
2025-01-22,SHC,Sell,13.600000381469727,65
2025-01-08,FBIN,Sell,68.46691131591797,65
2024-12-18,CL,Sell,91.16746520996094,65
2024-12-13,FMC,Sell,50.53840255737305,65
2024-11-18,PEN,Buy,240.47999572753906,65
2024-11-11,FND,Sell,104.26000213623047,65
2024-10-17,NTNX,Buy,64.36000061035156,65
2024-09-12,ILMN,Buy,126.25,65
2024-09-06,ASH,Sell,82.71772766113281,65
2024-08-15,WU,Sell,10.42531681060791,65
2024-08-05,HOOD,Sell,16.420000076293945,65
2024-08-02,EXEL,Buy,24.170000076293945,65
2024-06-25,CHWY,Buy,29.989999771118164,65
2024-06-21,DINO,Sell,50.09051513671875,65
2024-06-20,HUN,Sell,21.37331771850586,65
2024-06-12,HAL,Sell,33.403846740722656,65
2024-02-13,CROX,Buy,106.94000244140625,65
2024-01-12,CMS,Buy,54.96755599975586,65
2024-01-08,ADT,Buy,6.324627876281738,65
2023-12-27,ETR,Buy,47.18473434448242,65
2023-11-01,ALL,Buy,124.41609954833984,65
2023-09-15,JCI,Sell,54.75986099243164,65
2023-07-06,AEE,Sell,77.52141571044922,65
2023-04-19,RITM,Sell,6.388321399688721,65
2023-01-18,WWD,Buy,104.2591323852539,65
2025-10-09,FNF,Sell,55.43000030517578,64
2025-07-22,ESAB,Buy,130.7436981201172,64
2025-07-21,PNW,Buy,92.23001098632812,64
2025-03-18,ZBH,Buy,112.07298278808594,64
2025-02-21,SYF,Sell,60.80540084838867,64
2025-10-10,JEF,Sell,51.099998474121094,63
2025-10-07,LAZ,Sell,49.88999938964844,63
2025-10-03,MET,Buy,82.37000274658203,63
2025-09-30,SAIC,Sell,99.37000274658203,63
2025-09-30,VNO,Buy,40.529998779296875,63
2025-09-29,EQT,Sell,54.459999084472656,63
2025-09-26,EXP,Buy,232.25999450683594,63
2025-09-26,WAB,Sell,196.6699981689453,63
2025-09-22,AIZ,Buy,211.19000244140625,63
2025-09-15,COP,Buy,92.33000183105469,63
2025-09-12,WFRD,Buy,62.29999923706055,63
2025-09-10,COLB,Buy,26.219999313354492,63
2025-09-10,MAS,Buy,73.16999816894531,63
2025-09-08,YETI,Buy,35.68000030517578,63
2025-08-29,EXE,Sell,96.77999877929688,63
2025-08-26,SITE,Buy,143.6699981689453,63
2025-08-26,XYZ,Buy,78.77999877929688,63
2025-08-25,FIS,Sell,70.66578674316406,63
2025-08-22,TROW,Buy,106.98802185058594,63
2025-08-15,PFE,Buy,25.139999389648438,63
2025-08-13,HRL,Sell,28.969999313354492,63
2025-08-12,NKE,Buy,74.51277160644531,63
2025-08-12,OVV,Buy,39.35591125488281,63
2025-08-11,VVV,Buy,38.56999969482422,63
2025-08-11,XOM,Buy,104.85429382324219,63
2025-08-06,PSTG,Buy,57.43000030517578,63
2025-07-30,ZG,Buy,76.37999725341797,63
2025-07-24,IPGP,Buy,75.5999984741211,63
2025-07-23,ROIV,Buy,11.390000343322754,63
2025-07-22,PRMB,Sell,28.88432502746582,63
2025-07-21,SCCO,Buy,96.28372192382812,63
2025-07-18,EXLS,Sell,42.540000915527344,63
2025-07-17,PSX,Buy,123.95714569091797,63
2025-07-10,BRO,Sell,107.63934326171875,63
2025-07-08,MAA,Sell,148.75502014160156,63
2025-07-02,GRMN,Buy,212.5937042236328,63
2025-07-02,WBD,Buy,11.119999885559082,63
2025-06-30,OZK,Buy,46.65910339355469,63
2025-06-24,GLW,Buy,51.211124420166016,63
2025-06-20,CIEN,Buy,74.52999877929688,63
2025-06-10,ALLE,Buy,139.1563262939453,63
2025-06-09,VIK,Buy,48.880001068115234,63
2025-05-27,POST,Sell,109.80000305175781,63
2025-05-23,TEM,Buy,62.560001373291016,63
2025-05-22,COKE,Sell,112.77128601074219,63
2025-05-22,WSO,Sell,453.1871643066406,63
2025-05-05,DTM,Buy,100.04601287841797,63
2025-04-30,CELH,Buy,34.959999084472656,63
2025-04-29,TNL,Sell,43.3204345703125,63
2025-03-25,NWL,Sell,6.418681621551514,63
2025-03-24,INSP,Sell,171.0,63
2025-03-18,ADBE,Sell,391.3699951171875,63
2025-03-13,USFD,Sell,63.68000030517578,63
2025-03-06,WBA,Buy,10.600000381469727,63
2025-02-20,MMC,Sell,227.7898712158203,63
2025-02-12,ELS,Sell,64.58197784423828,63
2025-02-04,HPQ,Sell,31.016719818115234,63
2024-12-19,RGLD,Sell,132.6567840576172,63
2024-12-03,JHX,Sell,36.59000015258789,63
2024-10-17,TTWO,Buy,154.7899932861328,63
2024-09-16,CSCO,Buy,49.36981964111328,63
2024-09-09,PODD,Buy,219.1300048828125,63
2024-08-06,EPR,Buy,41.039581298828125,63
2024-07-29,TREX,Sell,83.58999633789062,63
2024-07-24,WPC,Sell,54.4200553894043,63
2024-07-19,MGM,Buy,45.369998931884766,63
2024-07-18,OLN,Sell,47.83245086669922,63
2024-07-12,MAN,Sell,66.76889038085938,63
2024-07-11,DUOL,Sell,192.57000732421875,63
2024-06-24,FTNT,Sell,58.279998779296875,63
2024-06-06,PLNT,Buy,65.93000030517578,63
2024-05-10,WSC,Sell,40.056400299072266,63
2024-05-09,OLLI,Sell,78.72000122070312,63
2024-04-26,TKO,Buy,95.913818359375,63
2024-02-02,UPS,Sell,128.82107543945312,63
2024-01-04,PPL,Buy,26.053905487060547,63
2023-09-20,BK,Sell,41.33095169067383,63
2023-07-28,GFS,Buy,62.75,63
2023-03-03,THG,Buy,128.23570251464844,63
2022-06-15,ORLY,Sell,39.933998107910156,63
2020-03-12,RBC,Sell,105.65184783935547,62
2025-06-23,ADSK,Buy,300.95001220703125,61
2025-01-06,BAH,Sell,128.78126525878906,61
2025-10-02,ADC,Sell,70.69000244140625,60
2025-10-02,RVMD,Buy,45.70000076293945,60
2025-10-01,APD,Sell,268.70001220703125,60
2025-10-01,RSG,Sell,226.6649932861328,60
2025-09-30,IAC,Sell,34.06999969482422,60
2025-09-30,MDLZ,Sell,62.470001220703125,60
2025-09-29,NTRA,Buy,163.08999633789062,60
2025-09-25,ARW,Sell,118.83999633789062,60
2025-09-25,ICLR,Buy,162.52999877929688,60
2025-09-18,JAZZ,Buy,131.19000244140625,60
2025-09-16,TSLA,Buy,421.6199951171875,60
2025-09-12,MANH,Buy,216.10000610351562,60
2025-09-09,SJM,Buy,110.8499984741211,60
2025-09-08,ALB,Buy,81.5574951171875,60
2025-09-08,SMMT,Sell,19.44499969482422,60
2025-09-04,IQV,Buy,184.0800018310547,60
2025-08-28,AFG,Buy,136.5800018310547,60
2025-08-25,NCLH,Buy,24.639999389648438,60
2025-08-22,UAL,Buy,102.9800033569336,60
2025-08-21,DKS,Buy,222.23651123046875,60
2025-08-14,PHM,Buy,128.34027099609375,60
2025-08-13,WTRG,Buy,39.16999816894531,60
2025-08-08,LOAR,Sell,67.62000274658203,60
2025-08-07,CMI,Buy,382.6586608886719,60
2025-08-01,GAP,Sell,18.84000015258789,60
2025-07-31,HPE,Buy,20.58123779296875,60
2025-07-29,CXT,Buy,60.38924026489258,60
2025-07-29,OHI,Buy,38.4540901184082,60
2025-07-28,ISRG,Sell,493.95001220703125,60
2025-07-28,LKQ,Sell,31.192081451416016,60
2025-07-17,KEY,Buy,18.17548370361328,60
2025-07-17,WCC,Buy,204.91720581054688,60
2025-07-14,SYY,Buy,77.19612121582031,60
2025-07-11,FCX,Buy,46.20759963989258,60
2025-07-09,MSA,Buy,172.89988708496094,60
2025-07-08,NSC,Buy,259.9316101074219,60
2025-07-02,CCL,Buy,29.649999618530273,60
2025-07-02,SUI,Buy,127.46491241455078,60
2025-07-01,AFRM,Buy,67.0999984741211,60
2025-07-01,LNC,Buy,34.41411590576172,60
2025-06-27,NVDA,Buy,157.74110412597656,60
2025-06-27,WING,Buy,347.2896728515625,60
2025-06-26,G,Sell,42.08296203613281,60
2025-06-25,AXP,Buy,307.8128662109375,60
2025-06-16,LRCX,Buy,92.99451446533203,60
2025-06-06,ES,Buy,64.75396728515625,60
2025-06-05,AON,Sell,369.71405029296875,60
2025-05-28,AGO,Sell,84.13999938964844,60
2025-05-27,TRGP,Sell,160.4953155517578,60
2025-05-21,F,Buy,10.341130256652832,60
2025-05-20,XP,Buy,18.559999465942383,60
2025-04-24,R,Sell,137.71847534179688,60
2025-04-23,CHH,Sell,123.86288452148438,60
2025-04-21,AL,Sell,41.13991165161133,60
2025-04-16,GTLB,Sell,42.16999816894531,60
2025-04-16,UNP,Sell,213.95936584472656,60
2025-04-11,BBWI,Sell,26.259883880615234,60
2025-04-11,SW,Sell,40.024391174316406,60
2025-04-10,ACN,Sell,283.8006286621094,60
2025-04-08,COLM,Sell,60.35042190551758,60
2025-04-08,IVZ,Sell,11.860222816467285,60
2025-04-02,PYPL,Sell,67.1500015258789,60
2025-03-24,DV,Sell,14.289999961853027,60
2025-03-21,CWEN,Buy,29.033403396606445,60
2025-03-12,KO,Buy,68.412841796875,60
2025-03-07,DPZ,Buy,466.5174560546875,60
2025-03-07,JBHT,Sell,162.41603088378906,60
2025-03-03,RHI,Sell,54.79304885864258,60
2025-02-05,BA,Buy,181.83999633789062,60
2025-02-03,LDOS,Sell,140.5384063720703,60
2025-01-17,LMT,Sell,479.89642333984375,60
2024-12-17,CPB,Sell,41.20271682739258,60
2024-12-09,REYN,Sell,26.977130889892578,60
2024-09-17,FAST,Buy,34.56126403808594,60
2024-08-22,LH,Buy,226.87217712402344,60
2024-07-11,RKLB,Buy,5.329999923706055,60
2024-05-31,MDB,Sell,236.05999755859375,60
2024-05-10,LNT,Buy,49.248680114746094,60
2024-03-07,PCG,Sell,16.460186004638672,60
2024-01-04,RYAN,Sell,42.124114990234375,60
2023-12-08,COF,Buy,115.14688873291016,60
2022-12-14,RTX,Buy,93.78644561767578,60
2022-12-02,JPM,Buy,126.1396713256836,60
2025-09-08,MSCI,Buy,574.5800170898438,59
2025-01-13,FYBR,Buy,35.33000183105469,59
2025-10-03,WM,Sell,219.75999450683594,57
2025-09-29,FR,Buy,51.084999084472656,57
2025-09-10,PLD,Buy,109.99908447265625,57
2025-09-09,TTC,Buy,78.7699966430664,57
2025-09-02,HD,Buy,404.01788330078125,57
2025-08-15,BX,Buy,171.6199951171875,57
2025-08-11,CVX,Buy,151.76058959960938,57
2025-08-08,VOYA,Buy,70.61870574951172,57
2025-08-01,BLD,Buy,376.29998779296875,57
2025-08-01,NUE,Buy,138.10952758789062,57
2025-07-23,K,Sell,79.31708526611328,57
2025-07-21,SKX,Buy,63.209999084472656,57
2025-07-15,AGNC,Buy,8.86420726776123,57
2025-06-25,ARMK,Buy,41.03080749511719,57
2025-06-20,EME,Buy,484.812255859375,57
2025-06-18,NXST,Buy,165.12362670898438,57
2025-06-17,GTES,Buy,21.719999313354492,57
2025-06-12,NYT,Buy,55.41261672973633,57
2025-06-11,PFGC,Buy,86.69999694824219,57
2025-06-02,PEGA,Buy,48.427852630615234,57
2025-05-23,TSN,Sell,54.56456756591797,57
2025-03-18,TEL,Buy,145.70156860351562,57
2025-02-11,IR,Sell,92.1024169921875,57
2025-01-08,AMCR,Sell,9.300042152404785,57
2024-12-31,ACGL,Sell,92.3499984741211,57
2024-11-13,BC,Buy,79.48431396484375,57
2024-10-16,SRPT,Sell,125.91999816894531,57
2024-09-18,CME,Buy,207.06495666503906,57
2024-09-16,TDY,Buy,429.1400146484375,57
2024-05-20,PPG,Sell,129.84109497070312,57
2024-02-09,AEP,Buy,72.56608581542969,57
2024-01-05,SLB,Sell,49.42069625854492,57
2023-09-29,GD,Buy,211.88348388671875,57
2023-08-09,AWI,Buy,75.86677551269531,57
2023-04-03,FHB,Sell,18.258371353149414,57
2025-09-24,SWK,Buy,75.08999633789062,56
2025-09-04,TMUS,Buy,252.1199951171875,56
2025-08-20,LBRDA,Sell,60.9900016784668,56
2025-08-20,LBRDK,Sell,61.209999084472656,56
2025-07-21,CRUS,Buy,104.62999725341797,56
2025-05-05,SBUX,Sell,80.55762481689453,56
2025-04-22,PNFP,Sell,96.49878692626953,56
2025-04-17,APO,Sell,125.86873626708984,56
2025-01-17,OMC,Sell,83.1032485961914,56
2024-10-04,DRI,Buy,159.86468505859375,56
2024-08-29,DASH,Buy,126.52999877929688,56
2025-10-10,NWSA,Sell,25.934999465942383,55
2025-10-03,A,Buy,141.63999938964844,55
2025-10-03,LPLA,Sell,314.7300109863281,55
2025-10-01,RS,Sell,283.1600036621094,55
2025-09-30,IRM,Buy,101.94000244140625,55
2025-09-29,RNR,Buy,250.22000122070312,55
2025-09-25,BIIB,Buy,135.6699981689453,55
2025-09-22,CARR,Sell,60.310001373291016,55
2025-09-16,INGM,Buy,20.719999313354492,55
2025-09-11,TXRH,Sell,167.16000366210938,55
2025-09-09,SFM,Sell,136.00999450683594,55
2025-09-03,CRL,Buy,162.3300018310547,55
2025-09-02,REXR,Buy,39.863040924072266,55
2025-09-02,WTW,Buy,324.5849914550781,55
2025-08-29,MHK,Buy,132.69000244140625,55
2025-08-29,TER,Buy,118.12115478515625,55
2025-08-26,MCD,Buy,311.17340087890625,55
2025-08-22,TPG,Buy,60.939998626708984,55
2025-08-20,FOUR,Sell,90.5,55
2025-08-20,OKTA,Sell,91.02999877929688,55
2025-08-19,SLGN,Sell,45.415584564208984,55
2025-08-15,AOS,Buy,72.20999908447266,55
2025-08-14,CRH,Buy,111.75,55
2025-08-12,AYI,Buy,322.7300109863281,55
2025-08-08,AMH,Sell,34.11745071411133,55
2025-08-08,KKR,Buy,142.48500061035156,55
2025-08-07,INVH,Sell,29.919971466064453,55
2025-08-04,Z,Buy,83.6500015258789,55
2025-07-31,EXPE,Buy,179.8802947998047,55
2025-07-31,MEDP,Buy,427.20001220703125,55
2025-07-30,LVS,Buy,52.717281341552734,55
2025-07-28,HSY,Buy,183.15731811523438,55
2025-07-22,AMTM,Buy,24.90999984741211,55
2025-07-22,FV,Buy,60.660552978515625,55
2025-07-21,DDOG,Buy,145.27000427246094,55
2025-07-18,MLI,Buy,84.26309967041016,55
2025-07-10,KEYS,Buy,164.83999633789062,55
2025-07-09,JNJ,Buy,155.14125061035156,55
2025-07-07,AVT,Buy,54.7794075012207,55
2025-07-07,GGG,Buy,87.33246612548828,55
2025-07-07,IONS,Buy,41.779998779296875,55
2025-07-07,NU,Buy,13.359999656677246,55
2025-07-07,VLO,Buy,142.57456970214844,55
2025-07-03,ARES,Buy,176.85220336914062,55
2025-07-03,MPWR,Buy,757.30517578125,55
2025-07-03,VRT,Buy,127.80397033691406,55
2025-07-01,FLUT,Buy,284.760009765625,55
2025-06-23,CHE,Sell,550.81982421875,55
2025-06-17,CF,Buy,101.87908935546875,55
2025-06-06,BRBR,Sell,60.970001220703125,55
2025-06-05,LIN,Buy,468.7648620605469,55
2025-05-29,CART,Buy,45.7599983215332,55
2025-05-29,VST,Buy,159.35626220703125,55
2025-05-20,EA,Buy,151.55615234375,55
2025-05-15,DLTR,Buy,86.58000183105469,55
2025-05-12,ESS,Sell,280.9830017089844,55
2025-05-09,STE,Buy,225.3112335205078,55
2025-05-06,PRI,Sell,261.5821533203125,55
2025-05-05,AVGO,Sell,199.90615844726562,55
2025-05-05,PG,Sell,157.75120544433594,55
2025-05-01,CPAY,Sell,322.6499938964844,55
2025-05-01,RJF,Sell,136.86343383789062,55
2025-04-28,CFR,Sell,114.98016357421875,55
2025-04-28,WAT,Sell,339.8800048828125,55
2025-04-25,LULU,Sell,267.8999938964844,55
2025-04-17,OKE,Sell,84.08885955810547,55
2025-04-16,CCK,Sell,83.75111389160156,55
2025-04-16,FTV,Sell,48.868309020996094,55
2025-04-15,ALSN,Sell,88.53044891357422,55
2025-04-15,OWL,Sell,17.186771392822266,55
2025-04-14,EQIX,Sell,774.945068359375,55
2025-04-14,LITE,Sell,52.36000061035156,55
2025-04-03,MTSI,Sell,92.16999816894531,55
2025-04-01,WHR,Sell,88.40204620361328,55
2025-03-31,IT,Sell,419.739990234375,55
2025-03-25,BWXT,Sell,104.35070037841797,55
2025-03-19,CSGP,Buy,79.4000015258789,55
2025-02-28,UAA,Sell,6.809999942779541,55
2025-02-25,AXTA,Sell,36.630001068115234,55
2025-02-12,ODFL,Sell,201.9690704345703,55
2025-02-07,PSA,Sell,293.57952880859375,55
2025-02-06,INTU,Sell,588.374755859375,55
2025-01-24,SPR,Buy,34.16999816894531,55
2024-12-31,AU,Sell,22.196632385253906,55
2024-12-06,MCK,Buy,601.5465698242188,55
2024-11-29,VKTX,Sell,52.939998626708984,55
2024-11-20,AVTR,Sell,20.139999389648438,55
2024-10-25,ELV,Sell,417.6386413574219,55
2024-10-24,FANG,Sell,176.25254821777344,55
2024-10-04,TPR,Buy,45.66814422607422,55
2024-10-04,V,Buy,275.9918212890625,55
2024-09-24,AMAT,Sell,194.75363159179688,55
2024-09-16,MU,Sell,86.71987915039062,55
2024-09-12,HHH,Buy,74.05999755859375,55
2024-09-05,SNPS,Sell,476.0299987792969,55
2024-08-26,GILD,Buy,74.04132843017578,55
2024-08-22,LLYVA,Buy,38.470001220703125,55
2024-08-16,FFIV,Buy,195.57000732421875,55
2024-08-14,CIVI,Sell,56.80622863769531,55
2024-08-09,CCI,Buy,103.39888763427734,55
2024-08-01,MTDR,Sell,57.52053451538086,55
2024-06-25,ALGN,Sell,235.22999572753906,55
2024-06-12,CORT,Buy,32.63999938964844,55
2024-05-28,LEA,Sell,119.50520324707031,55
2024-05-15,FOX,Buy,30.084484100341797,55
2024-05-06,DGX,Buy,131.75958251953125,55
2024-05-02,OGE,Buy,33.2578010559082,55
2024-04-04,MMM,Buy,87.68701934814453,55
2024-03-19,BMRN,Sell,85.2699966430664,55
2024-03-08,TOST,Buy,24.520000457763672,55
2024-03-04,EBAY,Buy,47.42279052734375,55
2024-02-21,KR,Buy,46.3237190246582,55
2024-01-29,IBKR,Buy,22.3583927154541,55
2023-12-22,C,Buy,47.995277404785156,55
2023-09-06,AZO,Buy,2568.889892578125,55
2023-07-18,INFA,Buy,18.889999389648438,55
2023-01-27,SEB,Buy,3945.0009765625,55
2022-12-27,FCN,Sell,159.52999877929688,55
2022-12-27,MA,Buy,340.5767822265625,55
2022-11-03,FICO,Sell,436.67999267578125,55
2025-10-02,HON,Sell,211.00999450683594,53
2025-09-26,PVH,Buy,86.77999877929688,53
2025-09-24,OXY,Buy,46.88999938964844,53
2025-09-24,TWLO,Sell,103.23999786376953,53
2025-09-22,LBTYA,Buy,11.680000305175781,53
2025-09-10,ROST,Buy,149.24000549316406,53
2025-08-28,RRC,Sell,34.351890563964844,53
2025-08-26,UNM,Sell,69.47000122070312,53
2025-08-20,AMKR,Buy,22.92012596130371,53
2025-08-18,HXL,Buy,61.56999969482422,53
2025-08-06,KRC,Buy,37.6859245300293,53
2025-08-05,PGR,Sell,242.8414306640625,53
2025-07-25,VLTO,Buy,103.17188262939453,53
2025-07-23,LAMR,Buy,124.69837951660156,53
2025-07-10,ADM,Buy,54.423126220703125,53
2025-07-08,ALAB,Buy,92.30000305175781,53
2025-06-24,MOH,Sell,294.510009765625,53
2025-06-23,MLM,Buy,551.216796875,53
2025-06-06,SYK,Buy,382.2006530761719,53
2025-06-05,QXO,Buy,16.75,53
2025-05-19,BMY,Sell,45.973472595214844,53
2024-12-16,CDNS,Buy,313.489990234375,53
2024-11-15,RNG,Buy,35.779998779296875,53
2024-10-09,BWA,Buy,34.57463836669922,53
2024-10-01,KHC,Buy,33.28892135620117,53
2024-08-27,EXC,Buy,36.30985641479492,53
2024-08-14,ENPH,Sell,111.1500015258789,53
2024-08-13,DOW,Sell,48.40104293823242,53
2024-07-24,FRHC,Buy,78.56999969482422,53
2024-04-24,TFX,Sell,208.47482299804688,53
2024-04-12,CLVT,Sell,7.070000171661377,53
2024-03-08,MKTX,Sell,210.6859893798828,53
2024-03-06,NOV,Sell,16.385995864868164,53
2023-12-11,CLF,Buy,17.329999923706055,53
2023-01-18,DRS,Buy,13.014765739440918,53
2022-12-01,HWM,Buy,38.07099533081055,53
2022-10-19,PAYX,Sell,102.04950714111328,53
2025-09-16,PKG,Buy,211.47000122070312,51
2023-05-16,CASY,Buy,224.12599182128906,51
2025-10-03,CSL,Sell,328.04998779296875,50
2025-10-03,NCNO,Sell,26.229999542236328,50
2025-10-03,PPC,Sell,40.720001220703125,50
2025-09-24,MSGS,Buy,217.25,50
2025-09-23,BIO,Buy,282.07000732421875,50
2025-09-18,UTHR,Buy,409.8699951171875,50
2025-09-11,HOG,Buy,30.700000762939453,50
2025-08-29,ESI,Buy,25.639999389648438,50
2025-08-26,LSCC,Buy,65.7300033569336,50
2025-08-25,VRSK,Sell,266.61163330078125,50
2025-08-21,AR,Sell,30.700000762939453,50
2025-08-18,WMS,Buy,140.84548950195312,50
2025-08-07,BHF,Sell,46.06999969482422,50
2025-07-31,CBSH,Sell,60.927005767822266,50
2025-07-22,DKNG,Buy,44.560001373291016,50
2025-07-16,AMD,Buy,160.0800018310547,50
2025-07-16,CFG,Buy,46.56483840942383,50
2025-07-07,WTFC,Buy,130.087646484375,50
2025-07-02,HBAN,Buy,17.24526596069336,50
2025-07-01,OSK,Buy,117.73042297363281,50
2025-06-24,BSY,Buy,52.48135757446289,50
2025-06-24,FERG,Buy,218.3428955078125,50
2025-06-23,ITT,Buy,153.03384399414062,50
2025-06-16,META,Buy,701.6464233398438,50
2025-06-16,VMC,Buy,260.7471008300781,50
2025-06-11,FLEX,Buy,43.63999938964844,50
2025-05-29,ALNY,Buy,292.8999938964844,50
2025-05-27,NDAQ,Buy,82.56875610351562,50
2025-05-07,ALK,Sell,50.15999984741211,50
2025-04-30,PCOR,Sell,64.08999633789062,50
2025-04-17,WDAY,Sell,221.02000427246094,50
2025-04-14,NEM,Buy,54.35391616821289,50
2025-02-26,QGEN,Sell,38.946983337402344,50
2025-02-26,SO,Buy,87.31733703613281,50
2025-01-23,CHDN,Sell,125.51000213623047,50
2024-12-13,EPAM,Buy,244.63999938964844,50
2024-11-29,CAG,Sell,26.303180694580078,50
2024-11-14,LCID,Sell,20.799999237060547,50
2024-11-13,ONTO,Sell,164.74000549316406,50
2024-09-12,ABT,Buy,114.6270523071289,50
2024-08-16,CTRA,Sell,23.219356536865234,50
2024-08-14,CBOE,Buy,203.58323669433594,50
2024-06-10,CLX,Sell,126.21683502197266,50
2024-05-20,COTY,Sell,10.460000038146973,50
2024-03-08,NI,Buy,25.775161743164062,50
2023-09-21,SLM,Sell,13.13447093963623,50
2022-12-19,TDG,Buy,514.6231079101562,50
2022-11-29,LEN,Buy,80.44493865966797,50
2022-10-07,RLI,Sell,45.388832092285156,50
2020-11-24,SEIC,Buy,53.046302795410156,50
2025-09-22,APLS,Buy,23.489999771118164,48
2025-08-29,NVR,Buy,8117.64990234375,48
2025-08-21,BURL,Buy,275.5899963378906,48
2025-08-20,COST,Sell,994.5700073242188,48
2025-08-11,CB,Sell,271.0,48
2025-06-30,ELAN,Buy,14.279999732971191,48
2025-05-06,DG,Buy,93.18486022949219,48
2025-04-28,GDDY,Sell,185.07000732421875,48
2024-12-16,SNOW,Buy,172.47000122070312,48
2024-10-07,VEEV,Buy,201.80999755859375,48
2024-08-22,CHTR,Buy,340.32000732421875,48
2024-07-30,HUBS,Sell,488.0199890136719,48
2024-06-27,BRKR,Sell,63.846309661865234,48
2024-05-01,MSTR,Sell,102.8270034790039,48
2024-03-21,FWONK,Buy,67.4000015258789,48
2025-10-01,AMT,Sell,193.32000732421875,46
2025-07-25,PNC,Buy,196.0500030517578,46
2025-06-06,KLAC,Buy,806.245361328125,46
2024-11-18,JBL,Buy,128.120849609375,46
2025-10-03,TRU,Sell,77.33999633789062,45
2025-10-01,UHS,Buy,203.50999450683594,45
2025-09-25,DBX,Buy,31.239999771118164,45
2025-09-05,MSI,Buy,477.89617919921875,45
2025-09-04,KNSL,Sell,459.7099914550781,45
2025-09-04,PFG,Buy,81.30000305175781,45
2025-09-02,DD,Buy,75.79000091552734,45
2025-08-29,DAL,Buy,61.779998779296875,45
2025-08-29,SSB,Buy,102.05999755859375,45
2025-08-28,BRX,Buy,27.744735717773438,45
2025-08-26,WAL,Buy,88.06999969482422,45
2025-08-25,TOL,Buy,138.61000061035156,45
2025-08-22,BKR,Buy,44.7599983215332,45
2025-08-21,SCI,Buy,80.90544891357422,45
2025-08-20,HR,Buy,16.59000015258789,45
2025-08-18,DT,Sell,48.84000015258789,45
2025-08-15,FTAI,Buy,144.72000122070312,45
2025-08-11,CHRW,Buy,115.67626190185547,45
2025-08-11,WSM,Buy,200.0,45
2025-08-07,ON,Buy,47.59000015258789,45
2025-08-06,JHG,Buy,42.72578430175781,45
2025-08-05,FSLR,Buy,186.83999633789062,45
2025-08-04,CMA,Buy,66.7109375,45
2025-08-04,TSCO,Buy,59.27787780761719,45
2025-07-28,GXO,Buy,52.27000045776367,45
2025-07-25,APPF,Buy,264.5400085449219,45
2025-07-23,J,Buy,141.41217041015625,45
2025-07-22,ANET,Buy,109.77999877929688,45
2025-07-22,PTC,Buy,202.8699951171875,45
2025-07-21,NEE,Buy,75.58550262451172,45
2025-07-21,ST,Buy,31.25934600830078,45
2025-07-18,GM,Buy,53.08271789550781,45
2025-07-18,MDT,Buy,89.61000061035156,45
2025-07-17,TXT,Buy,85.33924102783203,45
2025-07-16,EL,Buy,86.07034301757812,45
2025-07-15,CAT,Buy,403.1631164550781,45
2025-07-15,NOC,Buy,514.796630859375,45
2025-07-11,CBRE,Buy,140.5,45
2025-07-09,DELL,Buy,126.1144790649414,45
2025-07-09,W,Buy,56.56999969482422,45
2025-07-07,PINS,Buy,35.66999816894531,45
2025-07-03,BLK,Buy,1077.0650634765625,45
2025-07-03,ETN,Buy,361.168212890625,45
2025-07-03,SNX,Buy,139.77671813964844,45
2025-06-27,TPL,Sell,1053.6309814453125,45
2025-06-26,CPRT,Sell,48.2400016784668,45
2025-06-25,TRMB,Buy,74.12000274658203,45
2025-06-17,O,Buy,56.47412109375,45
2025-06-10,TAP,Sell,51.71834182739258,45
2025-06-05,PWR,Buy,359.3981628417969,45
2025-05-29,CPNG,Buy,27.889999389648438,45
2025-05-28,CAR,Buy,120.48999786376953,45
2025-05-28,HCA,Buy,377.0313720703125,45
2025-05-28,HII,Buy,223.13868713378906,45
2025-05-23,MTZ,Buy,152.4499969482422,45
2025-05-20,BAM,Buy,57.93721008300781,45
2025-05-20,FTI,Buy,30.606250762939453,45
2025-05-20,MTG,Buy,26.462331771850586,45
2025-04-14,CRM,Sell,253.7052001953125,45
2025-04-11,IOT,Sell,37.790000915527344,45
2025-04-02,HEI,Buy,270.0011901855469,45
2025-04-01,NEU,Buy,562.3057250976562,45
2025-03-24,SNDR,Sell,23.52648162841797,45
2025-03-19,MNST,Buy,56.81999969482422,45
2025-03-18,COHR,Sell,65.37999725341797,45
2025-03-14,DJT,Sell,20.209999084472656,45
2025-03-14,MORN,Sell,285.47998046875,45
2025-02-26,S,Sell,21.079999923706055,45
2025-01-17,NSA,Sell,34.80152130126953,45
2025-01-17,YUM,Sell,123.5221176147461,45
2024-12-31,CZR,Sell,33.41999816894531,45
2024-12-31,ZTS,Sell,161.3530731201172,45
2024-12-26,WY,Sell,27.524091720581055,45
2024-12-23,ATI,Sell,55.22999954223633,45
2024-11-19,SCHW,Buy,79.4447021484375,45
2024-11-12,ARE,Sell,101.8779067993164,45
2024-11-07,AVY,Sell,201.38658142089844,45
2024-10-08,BROS,Sell,31.770000457763672,45
2024-09-16,CAH,Buy,111.1632080078125,45
2024-08-26,LLYVK,Buy,39.70000076293945,45
2024-08-26,RBLX,Buy,43.939998626708984,45
2024-06-14,UI,Buy,142.28469848632812,45
2024-05-13,WEC,Buy,81.27277374267578,45
2024-05-10,FOXA,Buy,32.87925338745117,45
2024-03-28,MO,Buy,39.01982498168945,45
2024-03-08,LNG,Sell,152.76638793945312,45
2024-01-26,MKL,Buy,1475.739990234375,45
2024-01-11,ATO,Buy,110.56391143798828,45
2023-12-27,EMN,Buy,84.96975708007812,45
2023-12-26,DUK,Buy,90.47087860107422,45
2023-06-21,CVNA,Buy,24.170000076293945,45
2023-04-19,RH,Sell,250.13999938964844,45
2022-12-19,RCL,Buy,50.75373840332031,45
2022-07-28,ELF,Buy,33.189998626708984,45
2021-10-26,GWW,Sell,413.20672607421875,45
2025-08-21,WEX,Buy,169.61000061035156,43
2025-08-05,AIT,Buy,268.8263244628906,43
2025-06-02,IDXX,Buy,514.7999877929688,43
2025-08-12,AJG,Sell,290.0207214355469,40
2025-06-23,DLR,Buy,176.09300231933594,40
2025-04-14,AAL,Sell,9.579999923706055,40
2022-04-01,BKNG,Sell,2334.166748046875,40
2025-10-06,DE,Sell,457.30999755859375,38
2025-09-15,AAPL,Buy,236.6999969482422,38
2025-08-06,ZION,Buy,51.08955001831055,38
2025-06-17,RMD,Buy,249.56947326660156,38
2025-06-10,GS,Buy,611.5960083007812,38
2025-06-09,CEG,Buy,299.2991638183594,38
2025-04-17,LAD,Sell,287.4865417480469,38
2025-03-19,ULTA,Sell,343.7200012207031,38
2025-02-07,SAM,Sell,239.35000610351562,38
2024-08-29,MRNA,Sell,77.58999633789062,38
2025-04-01,BILL,Sell,45.7599983215332,36
2025-09-08,HUM,Buy,309.3003845214844,35
2025-07-18,EVR,Buy,297.749267578125,35
2025-07-11,ROKU,Buy,88.98999786376953,35
2025-06-12,FIVE,Buy,125.9800033569336,35
2025-06-12,MS,Buy,131.00982666015625,35
2025-06-11,LHX,Buy,245.585693359375,35
2025-04-24,WTM,Sell,1772.0999755859375,35
2022-11-23,NFLX,Buy,291.5,33
2025-07-07,MCHP,Buy,70.98796844482422,30
2025-06-02,TT,Buy,428.4439697265625,30
2025-04-16,VFC,Sell,10.178268432617188,30
2024-11-27,DHR,Sell,237.3901824951172,30
2024-11-04,VRSN,Buy,176.8660125732422,30
2023-03-27,GMED,Sell,53.369998931884766,30
2025-03-19,DECK,Sell,119.05000305175781,23
